Predator,Prey,Pred Mass,Prey Mass,Scenario
Atelocynus_microtis,Microsciurus_flaviventer,3.889302,1.963788,CU
Atelocynus_microtis,Sciurillus_pusillus,3.889302,1.591065,CU
Atelocynus_microtis,Sciurus_igniventris,3.889302,2.845098,CU
Atelocynus_microtis,Sciurus_spadiceus,3.889302,2.605628,CU
Atelocynus_microtis,Euryoryzomys_macconnelli,3.889302,1.763428,CU
Atelocynus_microtis,Holochilus_sciureus,3.889302,2.232996,CU
Atelocynus_microtis,Hylaeamys_perenensis,3.889302,1.782473,CU
Atelocynus_microtis,Hylaeamys_yunganus,3.889302,1.781755,CU
Atelocynus_microtis,Neacomys_spinosus,3.889302,1.278754,CU
Atelocynus_microtis,Nectomys_apicalis,3.889302,2.473341,CU
Atelocynus_microtis,Nectomys_rattus,3.889302,2.39585,CU
Atelocynus_microtis,Oecomys_bicolor,3.889302,1.531479,CU
Atelocynus_microtis,Oecomys_concolor,3.889302,1.789581,CU
Atelocynus_microtis,Oecomys_superans,3.889302,1.865696,CU
Atelocynus_microtis,Oecomys_trinitatis,3.889302,1.865696,CU
Atelocynus_microtis,Rhipidomys_leucodactylus,3.889302,1.90309,CU
Atelocynus_microtis,Scolomys_ucayalensis,3.889302,1.423246,CU
Atelocynus_microtis,Speothos_venaticus,3.889302,3.778151,CU
Atelocynus_microtis,Herpailurus_yagouaroundi,3.889302,3.896245,CU
Atelocynus_microtis,Leopardus_tigrinus,3.889302,3.352183,CU
Atelocynus_microtis,Leopardus_wiedii,3.889302,3.511883,CU
Eira_barbara,Microsciurus_flaviventer,3.592177,1.963788,CU
Eira_barbara,Sciurillus_pusillus,3.592177,1.591065,CU
Eira_barbara,Sciurus_igniventris,3.592177,2.845098,CU
Eira_barbara,Sciurus_spadiceus,3.592177,2.605628,CU
Eira_barbara,Euryoryzomys_macconnelli,3.592177,1.763428,CU
Eira_barbara,Holochilus_sciureus,3.592177,2.232996,CU
Eira_barbara,Hylaeamys_perenensis,3.592177,1.782473,CU
Eira_barbara,Hylaeamys_yunganus,3.592177,1.781755,CU
Eira_barbara,Neacomys_spinosus,3.592177,1.278754,CU
Eira_barbara,Nectomys_apicalis,3.592177,2.473341,CU
Eira_barbara,Nectomys_rattus,3.592177,2.39585,CU
Eira_barbara,Oecomys_bicolor,3.592177,1.531479,CU
Eira_barbara,Oecomys_concolor,3.592177,1.789581,CU
Eira_barbara,Oecomys_superans,3.592177,1.865696,CU
Eira_barbara,Oecomys_trinitatis,3.592177,1.865696,CU
Eira_barbara,Rhipidomys_leucodactylus,3.592177,1.90309,CU
Eira_barbara,Scolomys_ucayalensis,3.592177,1.423246,CU
Galictis_vittata,Microsciurus_flaviventer,3.50515,1.963788,CU
Galictis_vittata,Sciurillus_pusillus,3.50515,1.591065,CU
Galictis_vittata,Sciurus_igniventris,3.50515,2.845098,CU
Galictis_vittata,Sciurus_spadiceus,3.50515,2.605628,CU
Galictis_vittata,Euryoryzomys_macconnelli,3.50515,1.763428,CU
Galictis_vittata,Holochilus_sciureus,3.50515,2.232996,CU
Galictis_vittata,Hylaeamys_perenensis,3.50515,1.782473,CU
Galictis_vittata,Hylaeamys_yunganus,3.50515,1.781755,CU
Galictis_vittata,Neacomys_spinosus,3.50515,1.278754,CU
Galictis_vittata,Nectomys_apicalis,3.50515,2.473341,CU
Galictis_vittata,Nectomys_rattus,3.50515,2.39585,CU
Galictis_vittata,Oecomys_bicolor,3.50515,1.531479,CU
Galictis_vittata,Oecomys_concolor,3.50515,1.789581,CU
Galictis_vittata,Oecomys_superans,3.50515,1.865696,CU
Galictis_vittata,Oecomys_trinitatis,3.50515,1.865696,CU
Galictis_vittata,Rhipidomys_leucodactylus,3.50515,1.90309,CU
Galictis_vittata,Scolomys_ucayalensis,3.50515,1.423246,CU
Herpailurus_yagouaroundi,Leopardus_tigrinus,3.896245,3.352183,CU
Herpailurus_yagouaroundi,Leopardus_wiedii,3.896245,3.511883,CU
Herpailurus_yagouaroundi,Atelocynus_microtis,3.896245,3.889302,CU
Herpailurus_yagouaroundi,Speothos_venaticus,3.896245,3.778151,CU
Herpailurus_yagouaroundi,Euryoryzomys_macconnelli,3.896245,1.763428,CU
Herpailurus_yagouaroundi,Holochilus_sciureus,3.896245,2.232996,CU
Herpailurus_yagouaroundi,Hylaeamys_perenensis,3.896245,1.782473,CU
Herpailurus_yagouaroundi,Hylaeamys_yunganus,3.896245,1.781755,CU
Herpailurus_yagouaroundi,Neacomys_spinosus,3.896245,1.278754,CU
Herpailurus_yagouaroundi,Nectomys_apicalis,3.896245,2.473341,CU
Herpailurus_yagouaroundi,Nectomys_rattus,3.896245,2.39585,CU
Herpailurus_yagouaroundi,Oecomys_bicolor,3.896245,1.531479,CU
Herpailurus_yagouaroundi,Oecomys_concolor,3.896245,1.789581,CU
Herpailurus_yagouaroundi,Oecomys_superans,3.896245,1.865696,CU
Herpailurus_yagouaroundi,Oecomys_trinitatis,3.896245,1.865696,CU
Herpailurus_yagouaroundi,Rhipidomys_leucodactylus,3.896245,1.90309,CU
Herpailurus_yagouaroundi,Scolomys_ucayalensis,3.896245,1.423246,CU
Herpailurus_yagouaroundi,Microsciurus_flaviventer,3.896245,1.963788,CU
Herpailurus_yagouaroundi,Sciurillus_pusillus,3.896245,1.591065,CU
Herpailurus_yagouaroundi,Sciurus_igniventris,3.896245,2.845098,CU
Herpailurus_yagouaroundi,Sciurus_spadiceus,3.896245,2.605628,CU
Herpailurus_yagouaroundi,Eira_barbara,3.896245,3.592177,CU
Herpailurus_yagouaroundi,Galictis_vittata,3.896245,3.50515,CU
Herpailurus_yagouaroundi,Lontra_longicaudis,3.896245,3.816573,CU
Herpailurus_yagouaroundi,Mustela_africana,3.896245,2.729974,CU
Leopardus_pardalis,Mazama_nemorivaga,4.075551,4.176091,CU
Leopardus_pardalis,Herpailurus_yagouaroundi,4.075551,3.896245,CU
Leopardus_pardalis,Leopardus_tigrinus,4.075551,3.352183,CU
Leopardus_pardalis,Leopardus_wiedii,4.075551,3.511883,CU
Leopardus_pardalis,Atelocynus_microtis,4.075551,3.889302,CU
Leopardus_pardalis,Speothos_venaticus,4.075551,3.778151,CU
Leopardus_pardalis,Euryoryzomys_macconnelli,4.075551,1.763428,CU
Leopardus_pardalis,Holochilus_sciureus,4.075551,2.232996,CU
Leopardus_pardalis,Hylaeamys_perenensis,4.075551,1.782473,CU
Leopardus_pardalis,Hylaeamys_yunganus,4.075551,1.781755,CU
Leopardus_pardalis,Neacomys_spinosus,4.075551,1.278754,CU
Leopardus_pardalis,Nectomys_apicalis,4.075551,2.473341,CU
Leopardus_pardalis,Nectomys_rattus,4.075551,2.39585,CU
Leopardus_pardalis,Oecomys_bicolor,4.075551,1.531479,CU
Leopardus_pardalis,Oecomys_concolor,4.075551,1.789581,CU
Leopardus_pardalis,Oecomys_superans,4.075551,1.865696,CU
Leopardus_pardalis,Oecomys_trinitatis,4.075551,1.865696,CU
Leopardus_pardalis,Rhipidomys_leucodactylus,4.075551,1.90309,CU
Leopardus_pardalis,Scolomys_ucayalensis,4.075551,1.423246,CU
Leopardus_pardalis,Microsciurus_flaviventer,4.075551,1.963788,CU
Leopardus_pardalis,Sciurillus_pusillus,4.075551,1.591065,CU
Leopardus_pardalis,Sciurus_igniventris,4.075551,2.845098,CU
Leopardus_pardalis,Sciurus_spadiceus,4.075551,2.605628,CU
Leopardus_pardalis,Eira_barbara,4.075551,3.592177,CU
Leopardus_pardalis,Galictis_vittata,4.075551,3.50515,CU
Leopardus_pardalis,Lontra_longicaudis,4.075551,3.816573,CU
Leopardus_pardalis,Mustela_africana,4.075551,2.729974,CU
Leopardus_tigrinus,Leopardus_wiedii,3.352183,3.511883,CU
Leopardus_tigrinus,Euryoryzomys_macconnelli,3.352183,1.763428,CU
Leopardus_tigrinus,Holochilus_sciureus,3.352183,2.232996,CU
Leopardus_tigrinus,Hylaeamys_perenensis,3.352183,1.782473,CU
Leopardus_tigrinus,Hylaeamys_yunganus,3.352183,1.781755,CU
Leopardus_tigrinus,Neacomys_spinosus,3.352183,1.278754,CU
Leopardus_tigrinus,Nectomys_apicalis,3.352183,2.473341,CU
Leopardus_tigrinus,Nectomys_rattus,3.352183,2.39585,CU
Leopardus_tigrinus,Oecomys_bicolor,3.352183,1.531479,CU
Leopardus_tigrinus,Oecomys_concolor,3.352183,1.789581,CU
Leopardus_tigrinus,Oecomys_superans,3.352183,1.865696,CU
Leopardus_tigrinus,Oecomys_trinitatis,3.352183,1.865696,CU
Leopardus_tigrinus,Rhipidomys_leucodactylus,3.352183,1.90309,CU
Leopardus_tigrinus,Scolomys_ucayalensis,3.352183,1.423246,CU
Leopardus_tigrinus,Microsciurus_flaviventer,3.352183,1.963788,CU
Leopardus_tigrinus,Sciurillus_pusillus,3.352183,1.591065,CU
Leopardus_tigrinus,Sciurus_igniventris,3.352183,2.845098,CU
Leopardus_tigrinus,Sciurus_spadiceus,3.352183,2.605628,CU
Leopardus_tigrinus,Galictis_vittata,3.352183,3.50515,CU
Leopardus_tigrinus,Mustela_africana,3.352183,2.729974,CU
Leopardus_wiedii,Leopardus_tigrinus,3.511883,3.352183,CU
Leopardus_wiedii,Euryoryzomys_macconnelli,3.511883,1.763428,CU
Leopardus_wiedii,Holochilus_sciureus,3.511883,2.232996,CU
Leopardus_wiedii,Hylaeamys_perenensis,3.511883,1.782473,CU
Leopardus_wiedii,Hylaeamys_yunganus,3.511883,1.781755,CU
Leopardus_wiedii,Neacomys_spinosus,3.511883,1.278754,CU
Leopardus_wiedii,Nectomys_apicalis,3.511883,2.473341,CU
Leopardus_wiedii,Nectomys_rattus,3.511883,2.39585,CU
Leopardus_wiedii,Oecomys_bicolor,3.511883,1.531479,CU
Leopardus_wiedii,Oecomys_concolor,3.511883,1.789581,CU
Leopardus_wiedii,Oecomys_superans,3.511883,1.865696,CU
Leopardus_wiedii,Oecomys_trinitatis,3.511883,1.865696,CU
Leopardus_wiedii,Rhipidomys_leucodactylus,3.511883,1.90309,CU
Leopardus_wiedii,Scolomys_ucayalensis,3.511883,1.423246,CU
Leopardus_wiedii,Microsciurus_flaviventer,3.511883,1.963788,CU
Leopardus_wiedii,Sciurillus_pusillus,3.511883,1.591065,CU
Leopardus_wiedii,Sciurus_igniventris,3.511883,2.845098,CU
Leopardus_wiedii,Sciurus_spadiceus,3.511883,2.605628,CU
Leopardus_wiedii,Eira_barbara,3.511883,3.592177,CU
Leopardus_wiedii,Galictis_vittata,3.511883,3.50515,CU
Leopardus_wiedii,Mustela_africana,3.511883,2.729974,CU
Lontra_longicaudis,Microsciurus_flaviventer,3.816573,1.963788,CU
Lontra_longicaudis,Sciurillus_pusillus,3.816573,1.591065,CU
Lontra_longicaudis,Sciurus_igniventris,3.816573,2.845098,CU
Lontra_longicaudis,Sciurus_spadiceus,3.816573,2.605628,CU
Lontra_longicaudis,Euryoryzomys_macconnelli,3.816573,1.763428,CU
Lontra_longicaudis,Holochilus_sciureus,3.816573,2.232996,CU
Lontra_longicaudis,Hylaeamys_perenensis,3.816573,1.782473,CU
Lontra_longicaudis,Hylaeamys_yunganus,3.816573,1.781755,CU
Lontra_longicaudis,Neacomys_spinosus,3.816573,1.278754,CU
Lontra_longicaudis,Nectomys_apicalis,3.816573,2.473341,CU
Lontra_longicaudis,Nectomys_rattus,3.816573,2.39585,CU
Lontra_longicaudis,Oecomys_bicolor,3.816573,1.531479,CU
Lontra_longicaudis,Oecomys_concolor,3.816573,1.789581,CU
Lontra_longicaudis,Oecomys_superans,3.816573,1.865696,CU
Lontra_longicaudis,Oecomys_trinitatis,3.816573,1.865696,CU
Lontra_longicaudis,Rhipidomys_leucodactylus,3.816573,1.90309,CU
Lontra_longicaudis,Scolomys_ucayalensis,3.816573,1.423246,CU
Mustela_africana,Microsciurus_flaviventer,2.729974,1.963788,CU
Mustela_africana,Sciurillus_pusillus,2.729974,1.591065,CU
Mustela_africana,Sciurus_igniventris,2.729974,2.845098,CU
Mustela_africana,Sciurus_spadiceus,2.729974,2.605628,CU
Mustela_africana,Euryoryzomys_macconnelli,2.729974,1.763428,CU
Mustela_africana,Holochilus_sciureus,2.729974,2.232996,CU
Mustela_africana,Hylaeamys_perenensis,2.729974,1.782473,CU
Mustela_africana,Hylaeamys_yunganus,2.729974,1.781755,CU
Mustela_africana,Neacomys_spinosus,2.729974,1.278754,CU
Mustela_africana,Nectomys_apicalis,2.729974,2.473341,CU
Mustela_africana,Nectomys_rattus,2.729974,2.39585,CU
Mustela_africana,Oecomys_bicolor,2.729974,1.531479,CU
Mustela_africana,Oecomys_concolor,2.729974,1.789581,CU
Mustela_africana,Oecomys_superans,2.729974,1.865696,CU
Mustela_africana,Oecomys_trinitatis,2.729974,1.865696,CU
Mustela_africana,Rhipidomys_leucodactylus,2.729974,1.90309,CU
Mustela_africana,Scolomys_ucayalensis,2.729974,1.423246,CU
Panthera_onca,Mazama_americana,5,4.357929,CU
Panthera_onca,Mazama_nemorivaga,5,4.176091,CU
Panthera_onca,Herpailurus_yagouaroundi,5,3.896245,CU
Panthera_onca,Leopardus_pardalis,5,4.075551,CU
Panthera_onca,Leopardus_tigrinus,5,3.352183,CU
Panthera_onca,Leopardus_wiedii,5,3.511883,CU
Panthera_onca,Puma_concolor,5,4.71265,CU
Panthera_onca,Atelocynus_microtis,5,3.889302,CU
Panthera_onca,Speothos_venaticus,5,3.778151,CU
Panthera_onca,Euryoryzomys_macconnelli,5,1.763428,CU
Panthera_onca,Holochilus_sciureus,5,2.232996,CU
Panthera_onca,Hylaeamys_perenensis,5,1.782473,CU
Panthera_onca,Hylaeamys_yunganus,5,1.781755,CU
Panthera_onca,Nectomys_apicalis,5,2.473341,CU
Panthera_onca,Nectomys_rattus,5,2.39585,CU
Panthera_onca,Oecomys_bicolor,5,1.531479,CU
Panthera_onca,Oecomys_concolor,5,1.789581,CU
Panthera_onca,Oecomys_superans,5,1.865696,CU
Panthera_onca,Oecomys_trinitatis,5,1.865696,CU
Panthera_onca,Rhipidomys_leucodactylus,5,1.90309,CU
Panthera_onca,Scolomys_ucayalensis,5,1.423246,CU
Panthera_onca,Microsciurus_flaviventer,5,1.963788,CU
Panthera_onca,Sciurillus_pusillus,5,1.591065,CU
Panthera_onca,Sciurus_igniventris,5,2.845098,CU
Panthera_onca,Sciurus_spadiceus,5,2.605628,CU
Panthera_onca,Eira_barbara,5,3.592177,CU
Panthera_onca,Galictis_vittata,5,3.50515,CU
Panthera_onca,Lontra_longicaudis,5,3.816573,CU
Panthera_onca,Mustela_africana,5,2.729974,CU
Panthera_onca,Pteronura_brasiliensis,5,4.380209,CU
Pteronura_brasiliensis,Microsciurus_flaviventer,4.380209,1.963788,CU
Pteronura_brasiliensis,Sciurillus_pusillus,4.380209,1.591065,CU
Pteronura_brasiliensis,Sciurus_igniventris,4.380209,2.845098,CU
Pteronura_brasiliensis,Sciurus_spadiceus,4.380209,2.605628,CU
Pteronura_brasiliensis,Euryoryzomys_macconnelli,4.380209,1.763428,CU
Pteronura_brasiliensis,Holochilus_sciureus,4.380209,2.232996,CU
Pteronura_brasiliensis,Hylaeamys_perenensis,4.380209,1.782473,CU
Pteronura_brasiliensis,Hylaeamys_yunganus,4.380209,1.781755,CU
Pteronura_brasiliensis,Nectomys_apicalis,4.380209,2.473341,CU
Pteronura_brasiliensis,Nectomys_rattus,4.380209,2.39585,CU
Pteronura_brasiliensis,Oecomys_bicolor,4.380209,1.531479,CU
Pteronura_brasiliensis,Oecomys_concolor,4.380209,1.789581,CU
Pteronura_brasiliensis,Oecomys_superans,4.380209,1.865696,CU
Pteronura_brasiliensis,Oecomys_trinitatis,4.380209,1.865696,CU
Pteronura_brasiliensis,Rhipidomys_leucodactylus,4.380209,1.90309,CU
Pteronura_brasiliensis,Scolomys_ucayalensis,4.380209,1.423246,CU
Pteronura_brasiliensis,Mazama_americana,4.380209,4.357929,CU
Pteronura_brasiliensis,Mazama_nemorivaga,4.380209,4.176091,CU
Puma_concolor,Mazama_americana,4.71265,4.357929,CU
Puma_concolor,Mazama_nemorivaga,4.71265,4.176091,CU
Puma_concolor,Herpailurus_yagouaroundi,4.71265,3.896245,CU
Puma_concolor,Leopardus_pardalis,4.71265,4.075551,CU
Puma_concolor,Leopardus_tigrinus,4.71265,3.352183,CU
Puma_concolor,Leopardus_wiedii,4.71265,3.511883,CU
Puma_concolor,Atelocynus_microtis,4.71265,3.889302,CU
Puma_concolor,Speothos_venaticus,4.71265,3.778151,CU
Puma_concolor,Euryoryzomys_macconnelli,4.71265,1.763428,CU
Puma_concolor,Holochilus_sciureus,4.71265,2.232996,CU
Puma_concolor,Hylaeamys_perenensis,4.71265,1.782473,CU
Puma_concolor,Hylaeamys_yunganus,4.71265,1.781755,CU
Puma_concolor,Nectomys_apicalis,4.71265,2.473341,CU
Puma_concolor,Nectomys_rattus,4.71265,2.39585,CU
Puma_concolor,Oecomys_bicolor,4.71265,1.531479,CU
Puma_concolor,Oecomys_concolor,4.71265,1.789581,CU
Puma_concolor,Oecomys_superans,4.71265,1.865696,CU
Puma_concolor,Oecomys_trinitatis,4.71265,1.865696,CU
Puma_concolor,Rhipidomys_leucodactylus,4.71265,1.90309,CU
Puma_concolor,Scolomys_ucayalensis,4.71265,1.423246,CU
Puma_concolor,Microsciurus_flaviventer,4.71265,1.963788,CU
Puma_concolor,Sciurillus_pusillus,4.71265,1.591065,CU
Puma_concolor,Sciurus_igniventris,4.71265,2.845098,CU
Puma_concolor,Sciurus_spadiceus,4.71265,2.605628,CU
Puma_concolor,Eira_barbara,4.71265,3.592177,CU
Puma_concolor,Galictis_vittata,4.71265,3.50515,CU
Puma_concolor,Lontra_longicaudis,4.71265,3.816573,CU
Puma_concolor,Mustela_africana,4.71265,2.729974,CU
Puma_concolor,Pteronura_brasiliensis,4.71265,4.380209,CU
Speothos_venaticus,Microsciurus_flaviventer,3.778151,1.963788,CU
Speothos_venaticus,Sciurillus_pusillus,3.778151,1.591065,CU
Speothos_venaticus,Sciurus_igniventris,3.778151,2.845098,CU
Speothos_venaticus,Sciurus_spadiceus,3.778151,2.605628,CU
Speothos_venaticus,Euryoryzomys_macconnelli,3.778151,1.763428,CU
Speothos_venaticus,Holochilus_sciureus,3.778151,2.232996,CU
Speothos_venaticus,Hylaeamys_perenensis,3.778151,1.782473,CU
Speothos_venaticus,Hylaeamys_yunganus,3.778151,1.781755,CU
Speothos_venaticus,Neacomys_spinosus,3.778151,1.278754,CU
Speothos_venaticus,Nectomys_apicalis,3.778151,2.473341,CU
Speothos_venaticus,Nectomys_rattus,3.778151,2.39585,CU
Speothos_venaticus,Oecomys_bicolor,3.778151,1.531479,CU
Speothos_venaticus,Oecomys_concolor,3.778151,1.789581,CU
Speothos_venaticus,Oecomys_superans,3.778151,1.865696,CU
Speothos_venaticus,Oecomys_trinitatis,3.778151,1.865696,CU
Speothos_venaticus,Rhipidomys_leucodactylus,3.778151,1.90309,CU
Speothos_venaticus,Scolomys_ucayalensis,3.778151,1.423246,CU
Speothos_venaticus,Atelocynus_microtis,3.778151,3.889302,CU
Speothos_venaticus,Herpailurus_yagouaroundi,3.778151,3.896245,CU
Speothos_venaticus,Leopardus_tigrinus,3.778151,3.352183,CU
Speothos_venaticus,Leopardus_wiedii,3.778151,3.511883,CU
Atelocynus_microtis,Microsciurus_flaviventer,3.889302,1.963788,PN
Atelocynus_microtis,Sciurillus_pusillus,3.889302,1.591065,PN
Atelocynus_microtis,Sciurus_igniventris,3.889302,2.845098,PN
Atelocynus_microtis,Sciurus_spadiceus,3.889302,2.605628,PN
Atelocynus_microtis,Euryoryzomys_macconnelli,3.889302,1.763428,PN
Atelocynus_microtis,Holochilus_sciureus,3.889302,2.232996,PN
Atelocynus_microtis,Hylaeamys_perenensis,3.889302,1.782473,PN
Atelocynus_microtis,Hylaeamys_yunganus,3.889302,1.781755,PN
Atelocynus_microtis,Neacomys_spinosus,3.889302,1.278754,PN
Atelocynus_microtis,Nectomys_apicalis,3.889302,2.473341,PN
Atelocynus_microtis,Nectomys_rattus,3.889302,2.39585,PN
Atelocynus_microtis,Oecomys_bicolor,3.889302,1.531479,PN
Atelocynus_microtis,Oecomys_concolor,3.889302,1.789581,PN
Atelocynus_microtis,Oecomys_superans,3.889302,1.865696,PN
Atelocynus_microtis,Oecomys_trinitatis,3.889302,1.865696,PN
Atelocynus_microtis,Rhipidomys_leucodactylus,3.889302,1.90309,PN
Atelocynus_microtis,Scolomys_ucayalensis,3.889302,1.423246,PN
Atelocynus_microtis,Speothos_venaticus,3.889302,3.778151,PN
Atelocynus_microtis,Herpailurus_yagouaroundi,3.889302,3.896245,PN
Atelocynus_microtis,Leopardus_tigrinus,3.889302,3.352183,PN
Atelocynus_microtis,Leopardus_wiedii,3.889302,3.511883,PN
Canis_dirus,Mazama_americana,4.80618,4.357929,PN
Canis_dirus,Mazama_nemorivaga,4.80618,4.176091,PN
Canis_dirus,Morenelaphus_lujanensis,4.80618,4.69897,PN
Canis_dirus,Microsciurus_flaviventer,4.80618,1.963788,PN
Canis_dirus,Sciurillus_pusillus,4.80618,1.591065,PN
Canis_dirus,Sciurus_igniventris,4.80618,2.845098,PN
Canis_dirus,Sciurus_spadiceus,4.80618,2.605628,PN
Canis_dirus,Euryoryzomys_macconnelli,4.80618,1.763428,PN
Canis_dirus,Holochilus_sciureus,4.80618,2.232996,PN
Canis_dirus,Hylaeamys_perenensis,4.80618,1.782473,PN
Canis_dirus,Hylaeamys_yunganus,4.80618,1.781755,PN
Canis_dirus,Nectomys_apicalis,4.80618,2.473341,PN
Canis_dirus,Nectomys_rattus,4.80618,2.39585,PN
Canis_dirus,Oecomys_bicolor,4.80618,1.531479,PN
Canis_dirus,Oecomys_concolor,4.80618,1.789581,PN
Canis_dirus,Oecomys_superans,4.80618,1.865696,PN
Canis_dirus,Oecomys_trinitatis,4.80618,1.865696,PN
Canis_dirus,Rhipidomys_leucodactylus,4.80618,1.90309,PN
Canis_dirus,Scolomys_ucayalensis,4.80618,1.423246,PN
Canis_dirus,Atelocynus_microtis,4.80618,3.889302,PN
Canis_dirus,Speothos_venaticus,4.80618,3.778151,PN
Canis_dirus,Herpailurus_yagouaroundi,4.80618,3.896245,PN
Canis_dirus,Leopardus_pardalis,4.80618,4.075551,PN
Canis_dirus,Leopardus_tigrinus,4.80618,3.352183,PN
Canis_dirus,Leopardus_wiedii,4.80618,3.511883,PN
Canis_dirus,Puma_concolor,4.80618,4.71265,PN
Eira_barbara,Microsciurus_flaviventer,3.592177,1.963788,PN
Eira_barbara,Sciurillus_pusillus,3.592177,1.591065,PN
Eira_barbara,Sciurus_igniventris,3.592177,2.845098,PN
Eira_barbara,Sciurus_spadiceus,3.592177,2.605628,PN
Eira_barbara,Euryoryzomys_macconnelli,3.592177,1.763428,PN
Eira_barbara,Holochilus_sciureus,3.592177,2.232996,PN
Eira_barbara,Hylaeamys_perenensis,3.592177,1.782473,PN
Eira_barbara,Hylaeamys_yunganus,3.592177,1.781755,PN
Eira_barbara,Neacomys_spinosus,3.592177,1.278754,PN
Eira_barbara,Nectomys_apicalis,3.592177,2.473341,PN
Eira_barbara,Nectomys_rattus,3.592177,2.39585,PN
Eira_barbara,Oecomys_bicolor,3.592177,1.531479,PN
Eira_barbara,Oecomys_concolor,3.592177,1.789581,PN
Eira_barbara,Oecomys_superans,3.592177,1.865696,PN
Eira_barbara,Oecomys_trinitatis,3.592177,1.865696,PN
Eira_barbara,Rhipidomys_leucodactylus,3.592177,1.90309,PN
Eira_barbara,Scolomys_ucayalensis,3.592177,1.423246,PN
Galictis_vittata,Microsciurus_flaviventer,3.50515,1.963788,PN
Galictis_vittata,Sciurillus_pusillus,3.50515,1.591065,PN
Galictis_vittata,Sciurus_igniventris,3.50515,2.845098,PN
Galictis_vittata,Sciurus_spadiceus,3.50515,2.605628,PN
Galictis_vittata,Euryoryzomys_macconnelli,3.50515,1.763428,PN
Galictis_vittata,Holochilus_sciureus,3.50515,2.232996,PN
Galictis_vittata,Hylaeamys_perenensis,3.50515,1.782473,PN
Galictis_vittata,Hylaeamys_yunganus,3.50515,1.781755,PN
Galictis_vittata,Neacomys_spinosus,3.50515,1.278754,PN
Galictis_vittata,Nectomys_apicalis,3.50515,2.473341,PN
Galictis_vittata,Nectomys_rattus,3.50515,2.39585,PN
Galictis_vittata,Oecomys_bicolor,3.50515,1.531479,PN
Galictis_vittata,Oecomys_concolor,3.50515,1.789581,PN
Galictis_vittata,Oecomys_superans,3.50515,1.865696,PN
Galictis_vittata,Oecomys_trinitatis,3.50515,1.865696,PN
Galictis_vittata,Rhipidomys_leucodactylus,3.50515,1.90309,PN
Galictis_vittata,Scolomys_ucayalensis,3.50515,1.423246,PN
Herpailurus_yagouaroundi,Leopardus_tigrinus,3.896245,3.352183,PN
Herpailurus_yagouaroundi,Leopardus_wiedii,3.896245,3.511883,PN
Herpailurus_yagouaroundi,Atelocynus_microtis,3.896245,3.889302,PN
Herpailurus_yagouaroundi,Speothos_venaticus,3.896245,3.778151,PN
Herpailurus_yagouaroundi,Euryoryzomys_macconnelli,3.896245,1.763428,PN
Herpailurus_yagouaroundi,Holochilus_sciureus,3.896245,2.232996,PN
Herpailurus_yagouaroundi,Hylaeamys_perenensis,3.896245,1.782473,PN
Herpailurus_yagouaroundi,Hylaeamys_yunganus,3.896245,1.781755,PN
Herpailurus_yagouaroundi,Neacomys_spinosus,3.896245,1.278754,PN
Herpailurus_yagouaroundi,Nectomys_apicalis,3.896245,2.473341,PN
Herpailurus_yagouaroundi,Nectomys_rattus,3.896245,2.39585,PN
Herpailurus_yagouaroundi,Oecomys_bicolor,3.896245,1.531479,PN
Herpailurus_yagouaroundi,Oecomys_concolor,3.896245,1.789581,PN
Herpailurus_yagouaroundi,Oecomys_superans,3.896245,1.865696,PN
Herpailurus_yagouaroundi,Oecomys_trinitatis,3.896245,1.865696,PN
Herpailurus_yagouaroundi,Rhipidomys_leucodactylus,3.896245,1.90309,PN
Herpailurus_yagouaroundi,Scolomys_ucayalensis,3.896245,1.423246,PN
Herpailurus_yagouaroundi,Microsciurus_flaviventer,3.896245,1.963788,PN
Herpailurus_yagouaroundi,Sciurillus_pusillus,3.896245,1.591065,PN
Herpailurus_yagouaroundi,Sciurus_igniventris,3.896245,2.845098,PN
Herpailurus_yagouaroundi,Sciurus_spadiceus,3.896245,2.605628,PN
Herpailurus_yagouaroundi,Eira_barbara,3.896245,3.592177,PN
Herpailurus_yagouaroundi,Galictis_vittata,3.896245,3.50515,PN
Herpailurus_yagouaroundi,Lontra_longicaudis,3.896245,3.816573,PN
Herpailurus_yagouaroundi,Mustela_africana,3.896245,2.729974,PN
Leopardus_pardalis,Mazama_nemorivaga,4.075551,4.176091,PN
Leopardus_pardalis,Herpailurus_yagouaroundi,4.075551,3.896245,PN
Leopardus_pardalis,Leopardus_tigrinus,4.075551,3.352183,PN
Leopardus_pardalis,Leopardus_wiedii,4.075551,3.511883,PN
Leopardus_pardalis,Atelocynus_microtis,4.075551,3.889302,PN
Leopardus_pardalis,Speothos_venaticus,4.075551,3.778151,PN
Leopardus_pardalis,Euryoryzomys_macconnelli,4.075551,1.763428,PN
Leopardus_pardalis,Holochilus_sciureus,4.075551,2.232996,PN
Leopardus_pardalis,Hylaeamys_perenensis,4.075551,1.782473,PN
Leopardus_pardalis,Hylaeamys_yunganus,4.075551,1.781755,PN
Leopardus_pardalis,Neacomys_spinosus,4.075551,1.278754,PN
Leopardus_pardalis,Nectomys_apicalis,4.075551,2.473341,PN
Leopardus_pardalis,Nectomys_rattus,4.075551,2.39585,PN
Leopardus_pardalis,Oecomys_bicolor,4.075551,1.531479,PN
Leopardus_pardalis,Oecomys_concolor,4.075551,1.789581,PN
Leopardus_pardalis,Oecomys_superans,4.075551,1.865696,PN
Leopardus_pardalis,Oecomys_trinitatis,4.075551,1.865696,PN
Leopardus_pardalis,Rhipidomys_leucodactylus,4.075551,1.90309,PN
Leopardus_pardalis,Scolomys_ucayalensis,4.075551,1.423246,PN
Leopardus_pardalis,Microsciurus_flaviventer,4.075551,1.963788,PN
Leopardus_pardalis,Sciurillus_pusillus,4.075551,1.591065,PN
Leopardus_pardalis,Sciurus_igniventris,4.075551,2.845098,PN
Leopardus_pardalis,Sciurus_spadiceus,4.075551,2.605628,PN
Leopardus_pardalis,Eira_barbara,4.075551,3.592177,PN
Leopardus_pardalis,Galictis_vittata,4.075551,3.50515,PN
Leopardus_pardalis,Lontra_longicaudis,4.075551,3.816573,PN
Leopardus_pardalis,Mustela_africana,4.075551,2.729974,PN
Leopardus_tigrinus,Leopardus_wiedii,3.352183,3.511883,PN
Leopardus_tigrinus,Euryoryzomys_macconnelli,3.352183,1.763428,PN
Leopardus_tigrinus,Holochilus_sciureus,3.352183,2.232996,PN
Leopardus_tigrinus,Hylaeamys_perenensis,3.352183,1.782473,PN
Leopardus_tigrinus,Hylaeamys_yunganus,3.352183,1.781755,PN
Leopardus_tigrinus,Neacomys_spinosus,3.352183,1.278754,PN
Leopardus_tigrinus,Nectomys_apicalis,3.352183,2.473341,PN
Leopardus_tigrinus,Nectomys_rattus,3.352183,2.39585,PN
Leopardus_tigrinus,Oecomys_bicolor,3.352183,1.531479,PN
Leopardus_tigrinus,Oecomys_concolor,3.352183,1.789581,PN
Leopardus_tigrinus,Oecomys_superans,3.352183,1.865696,PN
Leopardus_tigrinus,Oecomys_trinitatis,3.352183,1.865696,PN
Leopardus_tigrinus,Rhipidomys_leucodactylus,3.352183,1.90309,PN
Leopardus_tigrinus,Scolomys_ucayalensis,3.352183,1.423246,PN
Leopardus_tigrinus,Microsciurus_flaviventer,3.352183,1.963788,PN
Leopardus_tigrinus,Sciurillus_pusillus,3.352183,1.591065,PN
Leopardus_tigrinus,Sciurus_igniventris,3.352183,2.845098,PN
Leopardus_tigrinus,Sciurus_spadiceus,3.352183,2.605628,PN
Leopardus_tigrinus,Galictis_vittata,3.352183,3.50515,PN
Leopardus_tigrinus,Mustela_africana,3.352183,2.729974,PN
Leopardus_wiedii,Leopardus_tigrinus,3.511883,3.352183,PN
Leopardus_wiedii,Euryoryzomys_macconnelli,3.511883,1.763428,PN
Leopardus_wiedii,Holochilus_sciureus,3.511883,2.232996,PN
Leopardus_wiedii,Hylaeamys_perenensis,3.511883,1.782473,PN
Leopardus_wiedii,Hylaeamys_yunganus,3.511883,1.781755,PN
Leopardus_wiedii,Neacomys_spinosus,3.511883,1.278754,PN
Leopardus_wiedii,Nectomys_apicalis,3.511883,2.473341,PN
Leopardus_wiedii,Nectomys_rattus,3.511883,2.39585,PN
Leopardus_wiedii,Oecomys_bicolor,3.511883,1.531479,PN
Leopardus_wiedii,Oecomys_concolor,3.511883,1.789581,PN
Leopardus_wiedii,Oecomys_superans,3.511883,1.865696,PN
Leopardus_wiedii,Oecomys_trinitatis,3.511883,1.865696,PN
Leopardus_wiedii,Rhipidomys_leucodactylus,3.511883,1.90309,PN
Leopardus_wiedii,Scolomys_ucayalensis,3.511883,1.423246,PN
Leopardus_wiedii,Microsciurus_flaviventer,3.511883,1.963788,PN
Leopardus_wiedii,Sciurillus_pusillus,3.511883,1.591065,PN
Leopardus_wiedii,Sciurus_igniventris,3.511883,2.845098,PN
Leopardus_wiedii,Sciurus_spadiceus,3.511883,2.605628,PN
Leopardus_wiedii,Eira_barbara,3.511883,3.592177,PN
Leopardus_wiedii,Galictis_vittata,3.511883,3.50515,PN
Leopardus_wiedii,Mustela_africana,3.511883,2.729974,PN
Lontra_longicaudis,Microsciurus_flaviventer,3.816573,1.963788,PN
Lontra_longicaudis,Sciurillus_pusillus,3.816573,1.591065,PN
Lontra_longicaudis,Sciurus_igniventris,3.816573,2.845098,PN
Lontra_longicaudis,Sciurus_spadiceus,3.816573,2.605628,PN
Lontra_longicaudis,Euryoryzomys_macconnelli,3.816573,1.763428,PN
Lontra_longicaudis,Holochilus_sciureus,3.816573,2.232996,PN
Lontra_longicaudis,Hylaeamys_perenensis,3.816573,1.782473,PN
Lontra_longicaudis,Hylaeamys_yunganus,3.816573,1.781755,PN
Lontra_longicaudis,Neacomys_spinosus,3.816573,1.278754,PN
Lontra_longicaudis,Nectomys_apicalis,3.816573,2.473341,PN
Lontra_longicaudis,Nectomys_rattus,3.816573,2.39585,PN
Lontra_longicaudis,Oecomys_bicolor,3.816573,1.531479,PN
Lontra_longicaudis,Oecomys_concolor,3.816573,1.789581,PN
Lontra_longicaudis,Oecomys_superans,3.816573,1.865696,PN
Lontra_longicaudis,Oecomys_trinitatis,3.816573,1.865696,PN
Lontra_longicaudis,Rhipidomys_leucodactylus,3.816573,1.90309,PN
Lontra_longicaudis,Scolomys_ucayalensis,3.816573,1.423246,PN
Mustela_africana,Microsciurus_flaviventer,2.729974,1.963788,PN
Mustela_africana,Sciurillus_pusillus,2.729974,1.591065,PN
Mustela_africana,Sciurus_igniventris,2.729974,2.845098,PN
Mustela_africana,Sciurus_spadiceus,2.729974,2.605628,PN
Mustela_africana,Euryoryzomys_macconnelli,2.729974,1.763428,PN
Mustela_africana,Holochilus_sciureus,2.729974,2.232996,PN
Mustela_africana,Hylaeamys_perenensis,2.729974,1.782473,PN
Mustela_africana,Hylaeamys_yunganus,2.729974,1.781755,PN
Mustela_africana,Neacomys_spinosus,2.729974,1.278754,PN
Mustela_africana,Nectomys_apicalis,2.729974,2.473341,PN
Mustela_africana,Nectomys_rattus,2.729974,2.39585,PN
Mustela_africana,Oecomys_bicolor,2.729974,1.531479,PN
Mustela_africana,Oecomys_concolor,2.729974,1.789581,PN
Mustela_africana,Oecomys_superans,2.729974,1.865696,PN
Mustela_africana,Oecomys_trinitatis,2.729974,1.865696,PN
Mustela_africana,Rhipidomys_leucodactylus,2.729974,1.90309,PN
Mustela_africana,Scolomys_ucayalensis,2.729974,1.423246,PN
Panthera_onca,Mazama_americana,5,4.357929,PN
Panthera_onca,Mazama_nemorivaga,5,4.176091,PN
Panthera_onca,Morenelaphus_lujanensis,5,4.69897,PN
Panthera_onca,Herpailurus_yagouaroundi,5,3.896245,PN
Panthera_onca,Leopardus_pardalis,5,4.075551,PN
Panthera_onca,Leopardus_tigrinus,5,3.352183,PN
Panthera_onca,Leopardus_wiedii,5,3.511883,PN
Panthera_onca,Puma_concolor,5,4.71265,PN
Panthera_onca,Atelocynus_microtis,5,3.889302,PN
Panthera_onca,Canis_dirus,5,4.80618,PN
Panthera_onca,Speothos_venaticus,5,3.778151,PN
Panthera_onca,Euryoryzomys_macconnelli,5,1.763428,PN
Panthera_onca,Holochilus_sciureus,5,2.232996,PN
Panthera_onca,Hylaeamys_perenensis,5,1.782473,PN
Panthera_onca,Hylaeamys_yunganus,5,1.781755,PN
Panthera_onca,Nectomys_apicalis,5,2.473341,PN
Panthera_onca,Nectomys_rattus,5,2.39585,PN
Panthera_onca,Oecomys_bicolor,5,1.531479,PN
Panthera_onca,Oecomys_concolor,5,1.789581,PN
Panthera_onca,Oecomys_superans,5,1.865696,PN
Panthera_onca,Oecomys_trinitatis,5,1.865696,PN
Panthera_onca,Rhipidomys_leucodactylus,5,1.90309,PN
Panthera_onca,Scolomys_ucayalensis,5,1.423246,PN
Panthera_onca,Microsciurus_flaviventer,5,1.963788,PN
Panthera_onca,Sciurillus_pusillus,5,1.591065,PN
Panthera_onca,Sciurus_igniventris,5,2.845098,PN
Panthera_onca,Sciurus_spadiceus,5,2.605628,PN
Panthera_onca,Eira_barbara,5,3.592177,PN
Panthera_onca,Galictis_vittata,5,3.50515,PN
Panthera_onca,Lontra_longicaudis,5,3.816573,PN
Panthera_onca,Mustela_africana,5,2.729974,PN
Panthera_onca,Pteronura_brasiliensis,5,4.380209,PN
Pteronura_brasiliensis,Microsciurus_flaviventer,4.380209,1.963788,PN
Pteronura_brasiliensis,Sciurillus_pusillus,4.380209,1.591065,PN
Pteronura_brasiliensis,Sciurus_igniventris,4.380209,2.845098,PN
Pteronura_brasiliensis,Sciurus_spadiceus,4.380209,2.605628,PN
Pteronura_brasiliensis,Euryoryzomys_macconnelli,4.380209,1.763428,PN
Pteronura_brasiliensis,Holochilus_sciureus,4.380209,2.232996,PN
Pteronura_brasiliensis,Hylaeamys_perenensis,4.380209,1.782473,PN
Pteronura_brasiliensis,Hylaeamys_yunganus,4.380209,1.781755,PN
Pteronura_brasiliensis,Nectomys_apicalis,4.380209,2.473341,PN
Pteronura_brasiliensis,Nectomys_rattus,4.380209,2.39585,PN
Pteronura_brasiliensis,Oecomys_bicolor,4.380209,1.531479,PN
Pteronura_brasiliensis,Oecomys_concolor,4.380209,1.789581,PN
Pteronura_brasiliensis,Oecomys_superans,4.380209,1.865696,PN
Pteronura_brasiliensis,Oecomys_trinitatis,4.380209,1.865696,PN
Pteronura_brasiliensis,Rhipidomys_leucodactylus,4.380209,1.90309,PN
Pteronura_brasiliensis,Scolomys_ucayalensis,4.380209,1.423246,PN
Pteronura_brasiliensis,Mazama_americana,4.380209,4.357929,PN
Pteronura_brasiliensis,Mazama_nemorivaga,4.380209,4.176091,PN
Puma_concolor,Mazama_americana,4.71265,4.357929,PN
Puma_concolor,Mazama_nemorivaga,4.71265,4.176091,PN
Puma_concolor,Morenelaphus_lujanensis,4.71265,4.69897,PN
Puma_concolor,Herpailurus_yagouaroundi,4.71265,3.896245,PN
Puma_concolor,Leopardus_pardalis,4.71265,4.075551,PN
Puma_concolor,Leopardus_tigrinus,4.71265,3.352183,PN
Puma_concolor,Leopardus_wiedii,4.71265,3.511883,PN
Puma_concolor,Atelocynus_microtis,4.71265,3.889302,PN
Puma_concolor,Speothos_venaticus,4.71265,3.778151,PN
Puma_concolor,Euryoryzomys_macconnelli,4.71265,1.763428,PN
Puma_concolor,Holochilus_sciureus,4.71265,2.232996,PN
Puma_concolor,Hylaeamys_perenensis,4.71265,1.782473,PN
Puma_concolor,Hylaeamys_yunganus,4.71265,1.781755,PN
Puma_concolor,Nectomys_apicalis,4.71265,2.473341,PN
Puma_concolor,Nectomys_rattus,4.71265,2.39585,PN
Puma_concolor,Oecomys_bicolor,4.71265,1.531479,PN
Puma_concolor,Oecomys_concolor,4.71265,1.789581,PN
Puma_concolor,Oecomys_superans,4.71265,1.865696,PN
Puma_concolor,Oecomys_trinitatis,4.71265,1.865696,PN
Puma_concolor,Rhipidomys_leucodactylus,4.71265,1.90309,PN
Puma_concolor,Scolomys_ucayalensis,4.71265,1.423246,PN
Puma_concolor,Microsciurus_flaviventer,4.71265,1.963788,PN
Puma_concolor,Sciurillus_pusillus,4.71265,1.591065,PN
Puma_concolor,Sciurus_igniventris,4.71265,2.845098,PN
Puma_concolor,Sciurus_spadiceus,4.71265,2.605628,PN
Puma_concolor,Eira_barbara,4.71265,3.592177,PN
Puma_concolor,Galictis_vittata,4.71265,3.50515,PN
Puma_concolor,Lontra_longicaudis,4.71265,3.816573,PN
Puma_concolor,Mustela_africana,4.71265,2.729974,PN
Puma_concolor,Pteronura_brasiliensis,4.71265,4.380209,PN
Smilodon_populator,Mazama_americana,5.469085,4.357929,PN
Smilodon_populator,Mazama_nemorivaga,5.469085,4.176091,PN
Smilodon_populator,Morenelaphus_lujanensis,5.469085,4.69897,PN
Smilodon_populator,Herpailurus_yagouaroundi,5.469085,3.896245,PN
Smilodon_populator,Leopardus_pardalis,5.469085,4.075551,PN
Smilodon_populator,Leopardus_tigrinus,5.469085,3.352183,PN
Smilodon_populator,Leopardus_wiedii,5.469085,3.511883,PN
Smilodon_populator,Panthera_onca,5.469085,5,PN
Smilodon_populator,Puma_concolor,5.469085,4.71265,PN
Smilodon_populator,Atelocynus_microtis,5.469085,3.889302,PN
Smilodon_populator,Canis_dirus,5.469085,4.80618,PN
Smilodon_populator,Speothos_venaticus,5.469085,3.778151,PN
Smilodon_populator,Euryoryzomys_macconnelli,5.469085,1.763428,PN
Smilodon_populator,Holochilus_sciureus,5.469085,2.232996,PN
Smilodon_populator,Hylaeamys_perenensis,5.469085,1.782473,PN
Smilodon_populator,Hylaeamys_yunganus,5.469085,1.781755,PN
Smilodon_populator,Nectomys_apicalis,5.469085,2.473341,PN
Smilodon_populator,Nectomys_rattus,5.469085,2.39585,PN
Smilodon_populator,Oecomys_bicolor,5.469085,1.531479,PN
Smilodon_populator,Oecomys_concolor,5.469085,1.789581,PN
Smilodon_populator,Oecomys_superans,5.469085,1.865696,PN
Smilodon_populator,Oecomys_trinitatis,5.469085,1.865696,PN
Smilodon_populator,Rhipidomys_leucodactylus,5.469085,1.90309,PN
Smilodon_populator,Scolomys_ucayalensis,5.469085,1.423246,PN
Smilodon_populator,Microsciurus_flaviventer,5.469085,1.963788,PN
Smilodon_populator,Sciurillus_pusillus,5.469085,1.591065,PN
Smilodon_populator,Sciurus_igniventris,5.469085,2.845098,PN
Smilodon_populator,Sciurus_spadiceus,5.469085,2.605628,PN
Smilodon_populator,Eira_barbara,5.469085,3.592177,PN
Smilodon_populator,Galictis_vittata,5.469085,3.50515,PN
Smilodon_populator,Lontra_longicaudis,5.469085,3.816573,PN
Smilodon_populator,Mustela_africana,5.469085,2.729974,PN
Smilodon_populator,Pteronura_brasiliensis,5.469085,4.380209,PN
Speothos_venaticus,Microsciurus_flaviventer,3.778151,1.963788,PN
Speothos_venaticus,Sciurillus_pusillus,3.778151,1.591065,PN
Speothos_venaticus,Sciurus_igniventris,3.778151,2.845098,PN
Speothos_venaticus,Sciurus_spadiceus,3.778151,2.605628,PN
Speothos_venaticus,Euryoryzomys_macconnelli,3.778151,1.763428,PN
Speothos_venaticus,Holochilus_sciureus,3.778151,2.232996,PN
Speothos_venaticus,Hylaeamys_perenensis,3.778151,1.782473,PN
Speothos_venaticus,Hylaeamys_yunganus,3.778151,1.781755,PN
Speothos_venaticus,Neacomys_spinosus,3.778151,1.278754,PN
Speothos_venaticus,Nectomys_apicalis,3.778151,2.473341,PN
Speothos_venaticus,Nectomys_rattus,3.778151,2.39585,PN
Speothos_venaticus,Oecomys_bicolor,3.778151,1.531479,PN
Speothos_venaticus,Oecomys_concolor,3.778151,1.789581,PN
Speothos_venaticus,Oecomys_superans,3.778151,1.865696,PN
Speothos_venaticus,Oecomys_trinitatis,3.778151,1.865696,PN
Speothos_venaticus,Rhipidomys_leucodactylus,3.778151,1.90309,PN
Speothos_venaticus,Scolomys_ucayalensis,3.778151,1.423246,PN
Speothos_venaticus,Atelocynus_microtis,3.778151,3.889302,PN
Speothos_venaticus,Herpailurus_yagouaroundi,3.778151,3.896245,PN
Speothos_venaticus,Leopardus_tigrinus,3.778151,3.352183,PN
Speothos_venaticus,Leopardus_wiedii,3.778151,3.511883,PN
Atelocynus_microtis,Microsciurus_flaviventer,3.889302,1.963788,RW
Atelocynus_microtis,Sciurillus_pusillus,3.889302,1.591065,RW
Atelocynus_microtis,Sciurus_igniventris,3.889302,2.845098,RW
Atelocynus_microtis,Sciurus_spadiceus,3.889302,2.605628,RW
Atelocynus_microtis,Euryoryzomys_macconnelli,3.889302,1.763428,RW
Atelocynus_microtis,Holochilus_sciureus,3.889302,2.232996,RW
Atelocynus_microtis,Hylaeamys_perenensis,3.889302,1.782473,RW
Atelocynus_microtis,Hylaeamys_yunganus,3.889302,1.781755,RW
Atelocynus_microtis,Neacomys_spinosus,3.889302,1.278754,RW
Atelocynus_microtis,Nectomys_apicalis,3.889302,2.473341,RW
Atelocynus_microtis,Nectomys_rattus,3.889302,2.39585,RW
Atelocynus_microtis,Oecomys_bicolor,3.889302,1.531479,RW
Atelocynus_microtis,Oecomys_concolor,3.889302,1.789581,RW
Atelocynus_microtis,Oecomys_superans,3.889302,1.865696,RW
Atelocynus_microtis,Oecomys_trinitatis,3.889302,1.865696,RW
Atelocynus_microtis,Rhipidomys_leucodactylus,3.889302,1.90309,RW
Atelocynus_microtis,Scolomys_ucayalensis,3.889302,1.423246,RW
Atelocynus_microtis,Speothos_venaticus,3.889302,3.778151,RW
Atelocynus_microtis,Herpailurus_yagouaroundi,3.889302,3.896245,RW
Atelocynus_microtis,Leopardus_tigrinus,3.889302,3.352183,RW
Atelocynus_microtis,Leopardus_wiedii,3.889302,3.511883,RW
Eira_barbara,Microsciurus_flaviventer,3.592177,1.963788,RW
Eira_barbara,Sciurillus_pusillus,3.592177,1.591065,RW
Eira_barbara,Sciurus_igniventris,3.592177,2.845098,RW
Eira_barbara,Sciurus_spadiceus,3.592177,2.605628,RW
Eira_barbara,Euryoryzomys_macconnelli,3.592177,1.763428,RW
Eira_barbara,Holochilus_sciureus,3.592177,2.232996,RW
Eira_barbara,Hylaeamys_perenensis,3.592177,1.782473,RW
Eira_barbara,Hylaeamys_yunganus,3.592177,1.781755,RW
Eira_barbara,Neacomys_spinosus,3.592177,1.278754,RW
Eira_barbara,Nectomys_apicalis,3.592177,2.473341,RW
Eira_barbara,Nectomys_rattus,3.592177,2.39585,RW
Eira_barbara,Oecomys_bicolor,3.592177,1.531479,RW
Eira_barbara,Oecomys_concolor,3.592177,1.789581,RW
Eira_barbara,Oecomys_superans,3.592177,1.865696,RW
Eira_barbara,Oecomys_trinitatis,3.592177,1.865696,RW
Eira_barbara,Rhipidomys_leucodactylus,3.592177,1.90309,RW
Eira_barbara,Scolomys_ucayalensis,3.592177,1.423246,RW
Galictis_vittata,Microsciurus_flaviventer,3.50515,1.963788,RW
Galictis_vittata,Sciurillus_pusillus,3.50515,1.591065,RW
Galictis_vittata,Sciurus_igniventris,3.50515,2.845098,RW
Galictis_vittata,Sciurus_spadiceus,3.50515,2.605628,RW
Galictis_vittata,Euryoryzomys_macconnelli,3.50515,1.763428,RW
Galictis_vittata,Holochilus_sciureus,3.50515,2.232996,RW
Galictis_vittata,Hylaeamys_perenensis,3.50515,1.782473,RW
Galictis_vittata,Hylaeamys_yunganus,3.50515,1.781755,RW
Galictis_vittata,Neacomys_spinosus,3.50515,1.278754,RW
Galictis_vittata,Nectomys_apicalis,3.50515,2.473341,RW
Galictis_vittata,Nectomys_rattus,3.50515,2.39585,RW
Galictis_vittata,Oecomys_bicolor,3.50515,1.531479,RW
Galictis_vittata,Oecomys_concolor,3.50515,1.789581,RW
Galictis_vittata,Oecomys_superans,3.50515,1.865696,RW
Galictis_vittata,Oecomys_trinitatis,3.50515,1.865696,RW
Galictis_vittata,Rhipidomys_leucodactylus,3.50515,1.90309,RW
Galictis_vittata,Scolomys_ucayalensis,3.50515,1.423246,RW
Herpailurus_yagouaroundi,Leopardus_tigrinus,3.896245,3.352183,RW
Herpailurus_yagouaroundi,Leopardus_wiedii,3.896245,3.511883,RW
Herpailurus_yagouaroundi,Atelocynus_microtis,3.896245,3.889302,RW
Herpailurus_yagouaroundi,Speothos_venaticus,3.896245,3.778151,RW
Herpailurus_yagouaroundi,Euryoryzomys_macconnelli,3.896245,1.763428,RW
Herpailurus_yagouaroundi,Holochilus_sciureus,3.896245,2.232996,RW
Herpailurus_yagouaroundi,Hylaeamys_perenensis,3.896245,1.782473,RW
Herpailurus_yagouaroundi,Hylaeamys_yunganus,3.896245,1.781755,RW
Herpailurus_yagouaroundi,Neacomys_spinosus,3.896245,1.278754,RW
Herpailurus_yagouaroundi,Nectomys_apicalis,3.896245,2.473341,RW
Herpailurus_yagouaroundi,Nectomys_rattus,3.896245,2.39585,RW
Herpailurus_yagouaroundi,Oecomys_bicolor,3.896245,1.531479,RW
Herpailurus_yagouaroundi,Oecomys_concolor,3.896245,1.789581,RW
Herpailurus_yagouaroundi,Oecomys_superans,3.896245,1.865696,RW
Herpailurus_yagouaroundi,Oecomys_trinitatis,3.896245,1.865696,RW
Herpailurus_yagouaroundi,Rhipidomys_leucodactylus,3.896245,1.90309,RW
Herpailurus_yagouaroundi,Scolomys_ucayalensis,3.896245,1.423246,RW
Herpailurus_yagouaroundi,Microsciurus_flaviventer,3.896245,1.963788,RW
Herpailurus_yagouaroundi,Sciurillus_pusillus,3.896245,1.591065,RW
Herpailurus_yagouaroundi,Sciurus_igniventris,3.896245,2.845098,RW
Herpailurus_yagouaroundi,Sciurus_spadiceus,3.896245,2.605628,RW
Herpailurus_yagouaroundi,Eira_barbara,3.896245,3.592177,RW
Herpailurus_yagouaroundi,Galictis_vittata,3.896245,3.50515,RW
Herpailurus_yagouaroundi,Lontra_longicaudis,3.896245,3.816573,RW
Herpailurus_yagouaroundi,Mustela_africana,3.896245,2.729974,RW
Leopardus_pardalis,Mazama_nemorivaga,4.075551,4.176091,RW
Leopardus_pardalis,Herpailurus_yagouaroundi,4.075551,3.896245,RW
Leopardus_pardalis,Leopardus_tigrinus,4.075551,3.352183,RW
Leopardus_pardalis,Leopardus_wiedii,4.075551,3.511883,RW
Leopardus_pardalis,Atelocynus_microtis,4.075551,3.889302,RW
Leopardus_pardalis,Speothos_venaticus,4.075551,3.778151,RW
Leopardus_pardalis,Euryoryzomys_macconnelli,4.075551,1.763428,RW
Leopardus_pardalis,Holochilus_sciureus,4.075551,2.232996,RW
Leopardus_pardalis,Hylaeamys_perenensis,4.075551,1.782473,RW
Leopardus_pardalis,Hylaeamys_yunganus,4.075551,1.781755,RW
Leopardus_pardalis,Neacomys_spinosus,4.075551,1.278754,RW
Leopardus_pardalis,Nectomys_apicalis,4.075551,2.473341,RW
Leopardus_pardalis,Nectomys_rattus,4.075551,2.39585,RW
Leopardus_pardalis,Oecomys_bicolor,4.075551,1.531479,RW
Leopardus_pardalis,Oecomys_concolor,4.075551,1.789581,RW
Leopardus_pardalis,Oecomys_superans,4.075551,1.865696,RW
Leopardus_pardalis,Oecomys_trinitatis,4.075551,1.865696,RW
Leopardus_pardalis,Rhipidomys_leucodactylus,4.075551,1.90309,RW
Leopardus_pardalis,Scolomys_ucayalensis,4.075551,1.423246,RW
Leopardus_pardalis,Microsciurus_flaviventer,4.075551,1.963788,RW
Leopardus_pardalis,Sciurillus_pusillus,4.075551,1.591065,RW
Leopardus_pardalis,Sciurus_igniventris,4.075551,2.845098,RW
Leopardus_pardalis,Sciurus_spadiceus,4.075551,2.605628,RW
Leopardus_pardalis,Eira_barbara,4.075551,3.592177,RW
Leopardus_pardalis,Galictis_vittata,4.075551,3.50515,RW
Leopardus_pardalis,Lontra_longicaudis,4.075551,3.816573,RW
Leopardus_pardalis,Mustela_africana,4.075551,2.729974,RW
Leopardus_tigrinus,Leopardus_wiedii,3.352183,3.511883,RW
Leopardus_tigrinus,Euryoryzomys_macconnelli,3.352183,1.763428,RW
Leopardus_tigrinus,Holochilus_sciureus,3.352183,2.232996,RW
Leopardus_tigrinus,Hylaeamys_perenensis,3.352183,1.782473,RW
Leopardus_tigrinus,Hylaeamys_yunganus,3.352183,1.781755,RW
Leopardus_tigrinus,Neacomys_spinosus,3.352183,1.278754,RW
Leopardus_tigrinus,Nectomys_apicalis,3.352183,2.473341,RW
Leopardus_tigrinus,Nectomys_rattus,3.352183,2.39585,RW
Leopardus_tigrinus,Oecomys_bicolor,3.352183,1.531479,RW
Leopardus_tigrinus,Oecomys_concolor,3.352183,1.789581,RW
Leopardus_tigrinus,Oecomys_superans,3.352183,1.865696,RW
Leopardus_tigrinus,Oecomys_trinitatis,3.352183,1.865696,RW
Leopardus_tigrinus,Rhipidomys_leucodactylus,3.352183,1.90309,RW
Leopardus_tigrinus,Scolomys_ucayalensis,3.352183,1.423246,RW
Leopardus_tigrinus,Microsciurus_flaviventer,3.352183,1.963788,RW
Leopardus_tigrinus,Sciurillus_pusillus,3.352183,1.591065,RW
Leopardus_tigrinus,Sciurus_igniventris,3.352183,2.845098,RW
Leopardus_tigrinus,Sciurus_spadiceus,3.352183,2.605628,RW
Leopardus_tigrinus,Galictis_vittata,3.352183,3.50515,RW
Leopardus_tigrinus,Mustela_africana,3.352183,2.729974,RW
Leopardus_wiedii,Leopardus_tigrinus,3.511883,3.352183,RW
Leopardus_wiedii,Euryoryzomys_macconnelli,3.511883,1.763428,RW
Leopardus_wiedii,Holochilus_sciureus,3.511883,2.232996,RW
Leopardus_wiedii,Hylaeamys_perenensis,3.511883,1.782473,RW
Leopardus_wiedii,Hylaeamys_yunganus,3.511883,1.781755,RW
Leopardus_wiedii,Neacomys_spinosus,3.511883,1.278754,RW
Leopardus_wiedii,Nectomys_apicalis,3.511883,2.473341,RW
Leopardus_wiedii,Nectomys_rattus,3.511883,2.39585,RW
Leopardus_wiedii,Oecomys_bicolor,3.511883,1.531479,RW
Leopardus_wiedii,Oecomys_concolor,3.511883,1.789581,RW
Leopardus_wiedii,Oecomys_superans,3.511883,1.865696,RW
Leopardus_wiedii,Oecomys_trinitatis,3.511883,1.865696,RW
Leopardus_wiedii,Rhipidomys_leucodactylus,3.511883,1.90309,RW
Leopardus_wiedii,Scolomys_ucayalensis,3.511883,1.423246,RW
Leopardus_wiedii,Microsciurus_flaviventer,3.511883,1.963788,RW
Leopardus_wiedii,Sciurillus_pusillus,3.511883,1.591065,RW
Leopardus_wiedii,Sciurus_igniventris,3.511883,2.845098,RW
Leopardus_wiedii,Sciurus_spadiceus,3.511883,2.605628,RW
Leopardus_wiedii,Eira_barbara,3.511883,3.592177,RW
Leopardus_wiedii,Galictis_vittata,3.511883,3.50515,RW
Leopardus_wiedii,Mustela_africana,3.511883,2.729974,RW
Lontra_longicaudis,Microsciurus_flaviventer,3.816573,1.963788,RW
Lontra_longicaudis,Sciurillus_pusillus,3.816573,1.591065,RW
Lontra_longicaudis,Sciurus_igniventris,3.816573,2.845098,RW
Lontra_longicaudis,Sciurus_spadiceus,3.816573,2.605628,RW
Lontra_longicaudis,Euryoryzomys_macconnelli,3.816573,1.763428,RW
Lontra_longicaudis,Holochilus_sciureus,3.816573,2.232996,RW
Lontra_longicaudis,Hylaeamys_perenensis,3.816573,1.782473,RW
Lontra_longicaudis,Hylaeamys_yunganus,3.816573,1.781755,RW
Lontra_longicaudis,Neacomys_spinosus,3.816573,1.278754,RW
Lontra_longicaudis,Nectomys_apicalis,3.816573,2.473341,RW
Lontra_longicaudis,Nectomys_rattus,3.816573,2.39585,RW
Lontra_longicaudis,Oecomys_bicolor,3.816573,1.531479,RW
Lontra_longicaudis,Oecomys_concolor,3.816573,1.789581,RW
Lontra_longicaudis,Oecomys_superans,3.816573,1.865696,RW
Lontra_longicaudis,Oecomys_trinitatis,3.816573,1.865696,RW
Lontra_longicaudis,Rhipidomys_leucodactylus,3.816573,1.90309,RW
Lontra_longicaudis,Scolomys_ucayalensis,3.816573,1.423246,RW
Mustela_africana,Microsciurus_flaviventer,2.729974,1.963788,RW
Mustela_africana,Sciurillus_pusillus,2.729974,1.591065,RW
Mustela_africana,Sciurus_igniventris,2.729974,2.845098,RW
Mustela_africana,Sciurus_spadiceus,2.729974,2.605628,RW
Mustela_africana,Euryoryzomys_macconnelli,2.729974,1.763428,RW
Mustela_africana,Holochilus_sciureus,2.729974,2.232996,RW
Mustela_africana,Hylaeamys_perenensis,2.729974,1.782473,RW
Mustela_africana,Hylaeamys_yunganus,2.729974,1.781755,RW
Mustela_africana,Neacomys_spinosus,2.729974,1.278754,RW
Mustela_africana,Nectomys_apicalis,2.729974,2.473341,RW
Mustela_africana,Nectomys_rattus,2.729974,2.39585,RW
Mustela_africana,Oecomys_bicolor,2.729974,1.531479,RW
Mustela_africana,Oecomys_concolor,2.729974,1.789581,RW
Mustela_africana,Oecomys_superans,2.729974,1.865696,RW
Mustela_africana,Oecomys_trinitatis,2.729974,1.865696,RW
Mustela_africana,Rhipidomys_leucodactylus,2.729974,1.90309,RW
Mustela_africana,Scolomys_ucayalensis,2.729974,1.423246,RW
Panthera_onca,Mazama_americana,5,4.357929,RW
Panthera_onca,Mazama_nemorivaga,5,4.176091,RW
Panthera_onca,Herpailurus_yagouaroundi,5,3.896245,RW
Panthera_onca,Leopardus_pardalis,5,4.075551,RW
Panthera_onca,Leopardus_tigrinus,5,3.352183,RW
Panthera_onca,Leopardus_wiedii,5,3.511883,RW
Panthera_onca,Puma_concolor,5,4.71265,RW
Panthera_onca,Atelocynus_microtis,5,3.889302,RW
Panthera_onca,Speothos_venaticus,5,3.778151,RW
Panthera_onca,Euryoryzomys_macconnelli,5,1.763428,RW
Panthera_onca,Holochilus_sciureus,5,2.232996,RW
Panthera_onca,Hylaeamys_perenensis,5,1.782473,RW
Panthera_onca,Hylaeamys_yunganus,5,1.781755,RW
Panthera_onca,Nectomys_apicalis,5,2.473341,RW
Panthera_onca,Nectomys_rattus,5,2.39585,RW
Panthera_onca,Oecomys_bicolor,5,1.531479,RW
Panthera_onca,Oecomys_concolor,5,1.789581,RW
Panthera_onca,Oecomys_superans,5,1.865696,RW
Panthera_onca,Oecomys_trinitatis,5,1.865696,RW
Panthera_onca,Rhipidomys_leucodactylus,5,1.90309,RW
Panthera_onca,Scolomys_ucayalensis,5,1.423246,RW
Panthera_onca,Microsciurus_flaviventer,5,1.963788,RW
Panthera_onca,Sciurillus_pusillus,5,1.591065,RW
Panthera_onca,Sciurus_igniventris,5,2.845098,RW
Panthera_onca,Sciurus_spadiceus,5,2.605628,RW
Panthera_onca,Eira_barbara,5,3.592177,RW
Panthera_onca,Galictis_vittata,5,3.50515,RW
Panthera_onca,Lontra_longicaudis,5,3.816573,RW
Panthera_onca,Mustela_africana,5,2.729974,RW
Panthera_onca,Pteronura_brasiliensis,5,4.380209,RW
Panthera_tigris,Mazama_americana,5.211024,4.357929,RW
Panthera_tigris,Mazama_nemorivaga,5.211024,4.176091,RW
Panthera_tigris,Herpailurus_yagouaroundi,5.211024,3.896245,RW
Panthera_tigris,Leopardus_pardalis,5.211024,4.075551,RW
Panthera_tigris,Leopardus_tigrinus,5.211024,3.352183,RW
Panthera_tigris,Leopardus_wiedii,5.211024,3.511883,RW
Panthera_tigris,Panthera_onca,5.211024,5,RW
Panthera_tigris,Puma_concolor,5.211024,4.71265,RW
Panthera_tigris,Atelocynus_microtis,5.211024,3.889302,RW
Panthera_tigris,Speothos_venaticus,5.211024,3.778151,RW
Panthera_tigris,Euryoryzomys_macconnelli,5.211024,1.763428,RW
Panthera_tigris,Holochilus_sciureus,5.211024,2.232996,RW
Panthera_tigris,Hylaeamys_perenensis,5.211024,1.782473,RW
Panthera_tigris,Hylaeamys_yunganus,5.211024,1.781755,RW
Panthera_tigris,Nectomys_apicalis,5.211024,2.473341,RW
Panthera_tigris,Nectomys_rattus,5.211024,2.39585,RW
Panthera_tigris,Oecomys_bicolor,5.211024,1.531479,RW
Panthera_tigris,Oecomys_concolor,5.211024,1.789581,RW
Panthera_tigris,Oecomys_superans,5.211024,1.865696,RW
Panthera_tigris,Oecomys_trinitatis,5.211024,1.865696,RW
Panthera_tigris,Rhipidomys_leucodactylus,5.211024,1.90309,RW
Panthera_tigris,Scolomys_ucayalensis,5.211024,1.423246,RW
Panthera_tigris,Microsciurus_flaviventer,5.211024,1.963788,RW
Panthera_tigris,Sciurillus_pusillus,5.211024,1.591065,RW
Panthera_tigris,Sciurus_igniventris,5.211024,2.845098,RW
Panthera_tigris,Sciurus_spadiceus,5.211024,2.605628,RW
Panthera_tigris,Eira_barbara,5.211024,3.592177,RW
Panthera_tigris,Galictis_vittata,5.211024,3.50515,RW
Panthera_tigris,Lontra_longicaudis,5.211024,3.816573,RW
Panthera_tigris,Mustela_africana,5.211024,2.729974,RW
Panthera_tigris,Pteronura_brasiliensis,5.211024,4.380209,RW
Pteronura_brasiliensis,Microsciurus_flaviventer,4.380209,1.963788,RW
Pteronura_brasiliensis,Sciurillus_pusillus,4.380209,1.591065,RW
Pteronura_brasiliensis,Sciurus_igniventris,4.380209,2.845098,RW
Pteronura_brasiliensis,Sciurus_spadiceus,4.380209,2.605628,RW
Pteronura_brasiliensis,Euryoryzomys_macconnelli,4.380209,1.763428,RW
Pteronura_brasiliensis,Holochilus_sciureus,4.380209,2.232996,RW
Pteronura_brasiliensis,Hylaeamys_perenensis,4.380209,1.782473,RW
Pteronura_brasiliensis,Hylaeamys_yunganus,4.380209,1.781755,RW
Pteronura_brasiliensis,Nectomys_apicalis,4.380209,2.473341,RW
Pteronura_brasiliensis,Nectomys_rattus,4.380209,2.39585,RW
Pteronura_brasiliensis,Oecomys_bicolor,4.380209,1.531479,RW
Pteronura_brasiliensis,Oecomys_concolor,4.380209,1.789581,RW
Pteronura_brasiliensis,Oecomys_superans,4.380209,1.865696,RW
Pteronura_brasiliensis,Oecomys_trinitatis,4.380209,1.865696,RW
Pteronura_brasiliensis,Rhipidomys_leucodactylus,4.380209,1.90309,RW
Pteronura_brasiliensis,Scolomys_ucayalensis,4.380209,1.423246,RW
Pteronura_brasiliensis,Mazama_americana,4.380209,4.357929,RW
Pteronura_brasiliensis,Mazama_nemorivaga,4.380209,4.176091,RW
Puma_concolor,Mazama_americana,4.71265,4.357929,RW
Puma_concolor,Mazama_nemorivaga,4.71265,4.176091,RW
Puma_concolor,Herpailurus_yagouaroundi,4.71265,3.896245,RW
Puma_concolor,Leopardus_pardalis,4.71265,4.075551,RW
Puma_concolor,Leopardus_tigrinus,4.71265,3.352183,RW
Puma_concolor,Leopardus_wiedii,4.71265,3.511883,RW
Puma_concolor,Atelocynus_microtis,4.71265,3.889302,RW
Puma_concolor,Speothos_venaticus,4.71265,3.778151,RW
Puma_concolor,Euryoryzomys_macconnelli,4.71265,1.763428,RW
Puma_concolor,Holochilus_sciureus,4.71265,2.232996,RW
Puma_concolor,Hylaeamys_perenensis,4.71265,1.782473,RW
Puma_concolor,Hylaeamys_yunganus,4.71265,1.781755,RW
Puma_concolor,Nectomys_apicalis,4.71265,2.473341,RW
Puma_concolor,Nectomys_rattus,4.71265,2.39585,RW
Puma_concolor,Oecomys_bicolor,4.71265,1.531479,RW
Puma_concolor,Oecomys_concolor,4.71265,1.789581,RW
Puma_concolor,Oecomys_superans,4.71265,1.865696,RW
Puma_concolor,Oecomys_trinitatis,4.71265,1.865696,RW
Puma_concolor,Rhipidomys_leucodactylus,4.71265,1.90309,RW
Puma_concolor,Scolomys_ucayalensis,4.71265,1.423246,RW
Puma_concolor,Microsciurus_flaviventer,4.71265,1.963788,RW
Puma_concolor,Sciurillus_pusillus,4.71265,1.591065,RW
Puma_concolor,Sciurus_igniventris,4.71265,2.845098,RW
Puma_concolor,Sciurus_spadiceus,4.71265,2.605628,RW
Puma_concolor,Eira_barbara,4.71265,3.592177,RW
Puma_concolor,Galictis_vittata,4.71265,3.50515,RW
Puma_concolor,Lontra_longicaudis,4.71265,3.816573,RW
Puma_concolor,Mustela_africana,4.71265,2.729974,RW
Puma_concolor,Pteronura_brasiliensis,4.71265,4.380209,RW
Speothos_venaticus,Microsciurus_flaviventer,3.778151,1.963788,RW
Speothos_venaticus,Sciurillus_pusillus,3.778151,1.591065,RW
Speothos_venaticus,Sciurus_igniventris,3.778151,2.845098,RW
Speothos_venaticus,Sciurus_spadiceus,3.778151,2.605628,RW
Speothos_venaticus,Euryoryzomys_macconnelli,3.778151,1.763428,RW
Speothos_venaticus,Holochilus_sciureus,3.778151,2.232996,RW
Speothos_venaticus,Hylaeamys_perenensis,3.778151,1.782473,RW
Speothos_venaticus,Hylaeamys_yunganus,3.778151,1.781755,RW
Speothos_venaticus,Neacomys_spinosus,3.778151,1.278754,RW
Speothos_venaticus,Nectomys_apicalis,3.778151,2.473341,RW
Speothos_venaticus,Nectomys_rattus,3.778151,2.39585,RW
Speothos_venaticus,Oecomys_bicolor,3.778151,1.531479,RW
Speothos_venaticus,Oecomys_concolor,3.778151,1.789581,RW
Speothos_venaticus,Oecomys_superans,3.778151,1.865696,RW
Speothos_venaticus,Oecomys_trinitatis,3.778151,1.865696,RW
Speothos_venaticus,Rhipidomys_leucodactylus,3.778151,1.90309,RW
Speothos_venaticus,Scolomys_ucayalensis,3.778151,1.423246,RW
Speothos_venaticus,Atelocynus_microtis,3.778151,3.889302,RW
Speothos_venaticus,Herpailurus_yagouaroundi,3.778151,3.896245,RW
Speothos_venaticus,Leopardus_tigrinus,3.778151,3.352183,RW
Speothos_venaticus,Leopardus_wiedii,3.778151,3.511883,RW
